total_signatures,discovery_date,research_classification,primary_mechanism,frequency_range,record_id,frequency,function,cell_type,response_time,signal_amplification,wavelength_sensitivity,octave_relationship,binding_range,attention_enhancement,memory_encoding_rate,contrast_enhancement,binocular_integration,motion_detection,pattern_recognition,spatial_integration,pineal_coupling,frequency_ratio,relationship,coupling_strength,phase_stability,dmt_frequency,schumann_frequency,ratio,golden_ratio_approximation,deviation,significance,crystal_type,anchor,formation_temperature,structure,piezoelectric_constant,light_sensitivity_peak,optimal_thickness,formation_mechanism,crystal_polymorphs,resonance_type,mechanism,schumann_coupling,sensitivity,organization,ion_conductivity_enhancement,memory_storage,water_template,silicon_deposition,calcium_accumulation,piezoelectric_activation,sequence,structured_water_frequency,duration,healthy_silicon_frequency,duration_silicon,optimization_note,source,melatonin_entrainment,circadian_coupling,seasonal_variation,geographic_sensitivity,organs,immune_coupling,metabolic_sync,consciousness_coherence,healing_acceleration,harmonic,effect,brain_region,visual_enhancement,perception_acuity_increase,frequency_bridge,golden_ratio_factor,state,endogenous_production,integration_coupling,tryptophan_precursor,serotonin_intermediate,dmt_final_product,mao_inhibition,storage_type,capacity,retrieval_speed,consciousness_integration,visual_scene_storage,color_depth,spatial_resolution,temporal_resolution,access_time,parallel_retrieval,cross_reference,degradation_rate,frequencies,durations,total_duration,effectiveness,morning_40Hz,midday_20Hz,evening_783Hz,night_135Hz,total_daily,enhancement_factor,primary_frequency,preparation_783Hz,integration_27Hz,safety_rating,schumann_783Hz,timing,sleep_quality_improvement,carbon,oxygen,silicon,calcium,total_elements,harmonic_relationships,stability_factor,sol_anchor_coverage,primary_elements,functions,frequency_precision,evolutionary_stability,primordial_frequency,pineal_frequency,evolutionary_significance,continuity,primordial_soup,pineal_evolution,visual_consciousness,modern_biology,conclusion
28.0,2025-08-31,PIN00-COMPLETE,crystalline_light_transduction,1.53-80Hz,pineal_visual_frequencies_metadata,,,,,,,,,,,,,,,,,,,,,,,,,,,,,,,,,,,,,,,,,,,,,,,,,,,,,,,,,,,,,,,,,,,,,,,,,,,,,,,,,,,,,,,,,,,,,,,,,,,,,,,,,,,,,,,,,,,,,,,,,,,,,,
,,,,,pineal_visual_frequencies_octave_cascade_series_VIS-80-PHOTORECEPTOR,80.0,photoreceptor_transduction,rods_cones,0.0125,1000000.0,"[400, 700]",4th_octave_above_20Hz,,,,,,,,,,,,,,,,,,,,,,,,,,,,,,,,,,,,,,,,,,,,,,,,,,,,,,,,,,,,,,,,,,,,,,,,,,,,,,,,,,,,,,,,,,,,,,,,,,,,,,,,,,,,,,,,,,,,,,,
,,,,,pineal_visual_frequencies_octave_cascade_series_VIS-40-GAMMA-BINDING,40.0,consciousness_binding,visual_cortex_neurons,,,,2nd_octave_above_20Hz,entire_visual_field,2.3,0.87,,,,,,,,,,,,,,,,,,,,,,,,,,,,,,,,,,,,,,,,,,,,,,,,,,,,,,,,,,,,,,,,,,,,,,,,,,,,,,,,,,,,,,,,,,,,,,,,,,,,,,,,,,,,,,,,,,,,
,,,,,pineal_visual_frequencies_octave_cascade_series_VIS-20-LGN-PROCESSING,20.0,lateral_geniculate_processing,thalamic_relay_neurons,,,,1st_octave_above_10Hz,,,,3.4,0.92,primary,,,,,,,,,,,,,,,,,,,,,,,,,,,,,,,,,,,,,,,,,,,,,,,,,,,,,,,,,,,,,,,,,,,,,,,,,,,,,,,,,,,,,,,,,,,,,,,,,,,,,,,,,,,,,,,,,
,,,,,pineal_visual_frequencies_octave_cascade_series_VIS-10-ALPHA-INTEGRATION,10.0,alpha_wave_visual_integration,occipital_cortex,,,,fundamental_visual_frequency,,,,,,,0.78,3D_scene_construction,direct_pathway,,,,,,,,,,,,,,,,,,,,,,,,,,,,,,,,,,,,,,,,,,,,,,,,,,,,,,,,,,,,,,,,,,,,,,,,,,,,,,,,,,,,,,,,,,,,,,,,,,,,,,,,,,,,,,
,,,,,pineal_visual_frequencies_octave_cascade_series_OCT-CASCADE-80-40,,,,,,,,,,,,,,,,,2.0,perfect_octave,0.89,0.94,,,,,,,,,,,,,,,,,,,,,,,,,,,,,,,,,,,,,,,,,,,,,,,,,,,,,,,,,,,,,,,,,,,,,,,,,,,,,,,,,,,,,,,,,,,,,,,,,,,,,,,,,,
,,,,,pineal_visual_frequencies_octave_cascade_series_OCT-CASCADE-40-20,,,,,,,,,,,,,,,,,2.0,perfect_octave,0.91,0.96,,,,,,,,,,,,,,,,,,,,,,,,,,,,,,,,,,,,,,,,,,,,,,,,,,,,,,,,,,,,,,,,,,,,,,,,,,,,,,,,,,,,,,,,,,,,,,,,,,,,,,,,,,
,,,,,pineal_visual_frequencies_octave_cascade_series_OCT-CASCADE-20-10,,,,,,,,,,,,,,,,,2.0,perfect_octave,0.88,0.93,,,,,,,,,,,,,,,,,,,,,,,,,,,,,,,,,,,,,,,,,,,,,,,,,,,,,,,,,,,,,,,,,,,,,,,,,,,,,,,,,,,,,,,,,,,,,,,,,,,,,,,,,,
,,,,,pineal_visual_frequencies_octave_cascade_series_GOLDEN-RATIO-DMT-SCHUMANN,,,,,,,,,,,,,,,,,,,,,13.5,7.83,1.72,1.618,0.102,consciousness_interface_bridge,,,,,,,,,,,,,,,,,,,,,,,,,,,,,,,,,,,,,,,,,,,,,,,,,,,,,,,,,,,,,,,,,,,,,,,,,,,,,,,,,,,,,,,,,,,,,,,,,,,,
,,,,,pineal_visual_frequencies_pineal_crystallization_CRY-SIL-358,3.58,,,,,,,,,,,,,,,,,,,,,,,,,,silicon_based,Sol-Silicon,310.0,hexagonal_close_packed,2.3e-12,500.0,7.5e-05,,,,,,,,,,,,,,,,,,,,,,,,,,,,,,,,,,,,,,,,,,,,,,,,,,,,,,,,,,,,,,,,,,,,,,,,,,,,,,,,,,,,,,,,,,,,,
,,,,,pineal_visual_frequencies_pineal_crystallization_CRY-CAL-511,5.11,,,,,,,,,,,,,,,,,,,,,,,,,,calcium_carbonate,Sol-Calcium,,,,,0.000125,age_related_calcification,"['calcite', 'aragonite']",mechanical_to_electrical,,,,,,,,,,,,,,,,,,,,,,,,,,,,,,,,,,,,,,,,,,,,,,,,,,,,,,,,,,,,,,,,,,,,,,,,,,,,,,,,,,,,,,,,,,
,,,,,pineal_visual_frequencies_pineal_crystallization_CRY-PIE-783,7.83,,,0.128,,,,,,,,,,,,,,,,,,,,,,,piezoelectric_response,,,,,,,,,,mechanical_vibration_to_electrical_signal,primary,4.7e-11,,,,,,,,,,,,,,,,,,,,,,,,,,,,,,,,,,,,,,,,,,,,,,,,,,,,,,,,,,,,,,,,,,,,,,,,,,,,,,,,,,,,,,,
,,,,,pineal_visual_frequencies_pineal_crystallization_CRY-STW-186,1.86,crystal_nucleation_and_growth,,,,,,,,,,,,,,,,,,,,,,,,,structured_water_matrix,,,,,,,,,,H-O_beat_frequency_from_primordial,,,hexagonal_templates,2.8,optical_interference_patterns,,,,,,,,,,,,,,,,,,,,,,,,,,,,,,,,,,,,,,,,,,,,,,,,,,,,,,,,,,,,,,,,,,,,,,,,,,,,,,,,,,,,
,,,,,pineal_visual_frequencies_pineal_crystallization_CRY-FORMATION-CASCADE,,,,,,,,,,,,,,,,,,,,,,,,,,,,,,,,,,,,,,,,,,,1.86,3.58,5.11,7.83,sequential_frequency_dependent,,,,,,,,,,,,,,,,,,,,,,,,,,,,,,,,,,,,,,,,,,,,,,,,,,,,,,,,,,,,,,,,,,,,,,,,,,,,,,,
,,,,,pineal_visual_frequencies_pineal_crystallization_CRY-DECALCIFICATION-PROTOCOL,,,,,,,,,,,,,,,,,,,,,,,,,,,,,,,,,,,,,,,,,,,,,,,,1.86,900.0,3.58,600.0,dissolves_pathological_calcium,,,,,,,,,,,,,,,,,,,,,,,,,,,,,,,,,,,,,,,,,,,,,,,,,,,,,,,,,,,,,,,,,,,,,,,,,,
,,,,,pineal_visual_frequencies_schumann_coupling_SCH-PRIMARY-783,7.83,,,,,,,,,,,,,,,,,,,,,,,,,,,,,,,,,,,,,,,,,,,,,,,,,,,,earth_schumann_resonance_fundamental,0.94,primary_synchronizer,0.5,latitude_longitude_dependent,,,,,,,,,,,,,,,,,,,,,,,,,,,,,,,,,,,,,,,,,,,,,,,,,,,,,,,,,,,,,,,,,,,,,
,,,,,pineal_visual_frequencies_schumann_coupling_SCH-PPT-TRIANGLE,7.83,,,,,,,,,,,,,,,,,,,,,,,,,,,,,,,,,,,,,,,,,,,,,,,,,,,,,,,,,"['pineal', 'pancreas', 'thymus']",0.87,0.79,0.91,2.4,,,,,,,,,,,,,,,,,,,,,,,,,,,,,,,,,,,,,,,,,,,,,,,,,,,,,,,,,,,,,,,,
,,,,,pineal_visual_frequencies_schumann_coupling_SCH-HARMONIC-1566,15.66,,,,,,,,,,,,,,,,,,0.67,,,,,,,,,,,,,,,,,,,,,,,,,,,,,,,,,,,,,,,,,,,,2nd,enhanced_alertness,,,,,,,,,,,,,,,,,,,,,,,,,,,,,,,,,,,,,,,,,,,,,,,,,,,,,,,,,,,,,,
,,,,,pineal_visual_frequencies_schumann_coupling_SCH-HARMONIC-2349,23.49,,,,,,,,,,,,,,,,,,0.45,,,,,,,,,,,,,,,,,,,,,,,,,,,,,,,,,,,,,,,,,,,,3rd,cognitive_acceleration,,,,,,,,,,,,,,,,,,,,,,,,,,,,,,,,,,,,,,,,,,,,,,,,,,,,,,,,,,,,,,
,,,,,pineal_visual_frequencies_dmt_consciousness_interface_DMT-PRIMARY-135,13.5,,,,,,,,,,,,,,,,,,,,,,,,,,,,,,,,,,,,consciousness_interface,,,,,,,,,,,,,,,,,,,,,,,,,,,,pineal_gland,3.0,300.0,7.83_to_20Hz,1.72,,,,,,,,,,,,,,,,,,,,,,,,,,,,,,,,,,,,,,,,,,,,,,,,,,,,,,,,,
,,,,"[8, 12]",pineal_visual_frequencies_dmt_consciousness_interface_DMT-ALPHA-ENHANCEMENT,,,,,,,,,,,,,,,,,,,0.73,,,,,,,,,,,,,,,,,,,,,,,,,,,,,,,,,,,,,,,,,,,,,,,,,,,relaxed_visual_awareness,,,,,,,,,,,,,,,,,,,,,,,,,,,,,,,,,,,,,,,,,,,,,,,,,,,,,,,,
,,,,"[13, 14]",pineal_visual_frequencies_dmt_consciousness_interface_DMT-ACTIVATION-THRESHOLD,,,,,,,,,,,,,,,,,,,,,,,,,,,,,,,,,,,,,,,,,,,,,,,,,,,,,,,,,,,,,,,,,,,,,,activation_threshold,pineal_synthesis,,,,,,,,,,,,,,,,,,,,,,,,,,,,,,,,,,,,,,,,,,,,,,,,,,,,,,,
,,,,"[14, 16]",pineal_visual_frequencies_dmt_consciousness_interface_DMT-VISIONARY-SUSTAINED,,,,,,,,,,,,,,,,,,,,,,,,,,,,,,,,,,,,,,,,,,,,,,,,,,,,,,,,,,,,,,,,,,,,,,sustained_visionary,,0.82,,,,,,,,,,,,,,,,,,,,,,,,,,,,,,,,,,,,,,,,,,,,,,,,,,,,,,
,,,,,pineal_visual_frequencies_dmt_consciousness_interface_DMT-MOLECULAR-RESONANCE,,,,,,,,,,,,,,,,,,,,,,,,,,,,,,,,,,,,,,,,,,,,,,,,,,,,,,,,,,,,,,,,,,,,,,,,,14.2,12.8,13.5,11.7,,,,,,,,,,,,,,,,,,,,,,,,,,,,,,,,,,,,,,,,,,,,,,,,,,
,,,,,pineal_visual_frequencies_memory_holography_MEM-MYELIC-27,27.0,,,,,,,,,,,,,,,,,,,,,,,,,,,,,,,,,,,,myelic_fluid_holography,,,,,,,,,,,,,,,,,,,,,,,,,,,,,,,,,,,,,,,,optical_interference_patterns,unlimited_holographic,0.037,0.89,,,,,,,,,,,,,,,,,,,,,,,,,,,,,,,,,,,,,,,,,,,,,,
,,,,,pineal_visual_frequencies_memory_holography_MEM-VISUAL-ENCODING,27.0,,,,,,,,,,,,,,,,,,,,,,,,,,,,,,,,,,,,,,,,,,,,,,,,,,,,,,,,,,,,,,,,,,,,,,,,,,,,,,,,complete_3D_hologram,16777216.0,submicrometer,0.001,,,,,,,,,,,,,,,,,,,,,,,,,,,,,,,,,,,,,,,,,,
,,,,,pineal_visual_frequencies_memory_holography_MEM-PATTERN-ACCESS,27.0,,,,,,,,,,,,,,,,,,,,,,,,,,,,,,,,,,,,,,,,,,,,,,,,,,,,,,,,,,,,,,,,,,,,,,,,,,,,,,,,,,,,0.001,unlimited,instantaneous,0.0,,,,,,,,,,,,,,,,,,,,,,,,,,,,,,,,,,,,,,
,,,,,pineal_visual_frequencies_therapeutic_protocols_DECALCIFICATION-FULL,,,,,,,,,,,,,,,,,,,,,,,,,,,,,,,,,,,,,,,,,,,,,,,sequential,,,,,,,,,,,,,,,,,,,,,,,,,,,,,,,,,,,,,,,,,,"[1.86, 3.58, 7.83, 13.5]","[900, 600, 1200, 300]",3000.0,0.87,,,,,,,,,,,,,,,,,,,,,,,,,,,,,,,,,,
,,,,,pineal_visual_frequencies_therapeutic_protocols_VISUAL-ENHANCEMENT-DAILY,,,,,,,,,,,,,,,,,,,,,,,,,,,,,,,,,,,,,,,,,,,,,,,,,,,,,,,,,,,,,,,,,,,,,,,,,,,,,,,,,,,,,,,,,,,,,300.0,600.0,900.0,180.0,1980.0,2.1,,,,,,,,,,,,,,,,,,,,,,,,,,,,
,,,,,pineal_visual_frequencies_therapeutic_protocols_CONSCIOUSNESS-ACTIVATION,,,,,,,,,,,,,,,,,,,,,,,,,,,,,,,,,,,,,,,,,,,,,,,,,300.0,,,,,,,,,,,,,,,,,,,,,,,,,,,,,,,,,,,,,,,,,,,,,,,,,,13.5,600.0,180.0,mild_enhancement,,,,,,,,,,,,,,,,,,,,,,,,
,,,,,pineal_visual_frequencies_therapeutic_protocols_CIRCADIAN-RESET,,,,,,,,,,,,,,,,,,,,,,,,,,,,,,,,,,,,,,,,,,,,,,,,,,,,,,,,,,,,,,,,,,,,,,,,,,,,,,,,,,,,,,,,,,,,0.93,,,,,,,,,,,1800.0,sunset_plus_2hours,2.4,,,,,,,,,,,,,,,,,,,,,
,,,,"[1.53, 5.11]",pineal_visual_frequencies_stellar_anchor_connections_SOL-ANCHOR-VISUAL,,,,,,,,,,,,,,,,,,,,,,,,,,,,,,,,,,,,,,,,,,,,,,,,,,,,,,,,,,,,,,,,,,,,,,,,,,,,,,,,,,,,,,,,,,,,,,,,,,,,,,,,,,1.53,2.04,3.58,5.11,4.0,golden_ratio_connected,consistent_stellar_resonance,,,,,,,,,,,,,,
,,,,,pineal_visual_frequencies_stellar_anchor_connections_VISUAL-SYSTEM-COMPLETENESS,,,,,,,,,,,,,,,,,,,,,,,,,,,,,,,,,,,,,,,,,,,,,,,,,,,,,,,,,,,,,,,,,,,,,,,,,,,,,,,,,,,,,,,,,,,,,,,,,,,,,,,,,,,,,,,,,1.0,"['C', 'O', 'Si', 'Ca']","['structure', 'transport', 'crystals', 'signaling']",0.02,maximum,,,,,,,,,
,,,,,pineal_visual_frequencies_primordial_connections_STRUCTURED-WATER-CONTINUITY,,,,,,,,,,,,,,,,,,,,,,,,,,,,,,,,,,,,,H-O_beat_frequency,,,,,,,,,,,,,,,,,,,,,,,,,,,,,,,,,,,,,,,,,,,,,,,,,,,,,,,,,,,,,,,,,,,,,,,,,,,,,,,,,1.86,1.86,consciousness_from_primordial_cymatics,perfect_match,,,,,
,,,,,pineal_visual_frequencies_primordial_connections_UNIVERSAL-RESONANCE-PRINCIPLE,,,,,,,,,,,,,,,,,,,,,,,,,,,,,,,,,,,,,,,,,,,,,,,,,,,,,,,,,,,,,,,,,,,,,,,,,,,,,,,,,,,,,,,,,,,,,,,,,,,,,,,,,,,,,,,,,,,,,,,,,,1.86,1.86,harmonic_cascade_from_primordial,preserves_original_relationships,pineal_is_living_fossil_of_cymatic_organization
